label1,label2,label3,label4
lLAnqwEihmGXxVPZZESncfgaaI,ZIhoPpMEmHPSFUoqUgUHBnMUddmTVwHfxEsqGg,SifXKvuBLDWNptdGIwpLEpcMqYlGQ,kALiJXABVpYsNmVMwSkUIWSbjDjChInhzwF
tsjVctWbHnsvMcnOVRKcHbTeVF,ifXdNAcCJYPCAtLRAMOmzqMGVEEWgcTOgoEwoc,jajADuiaxdQSRvfqmuKyyXOggleDM,gGPTWjsYzIzpXjwNlcoXvGRigVLYaPZVvWY
GmbwOtczJMlNaFTlGhQVFecYgf,McMOXLjbvcqUWJCkvFdEXRlCXylFcFToedcrdc,JmibcbboYpjyuShOyqYvjYbZunltY,cKWOuVzxCRicEfbZZRTdeoCkvzqKxhRmdXM
IoqdwHwrBsNRrWngkYZiBzUMqW,WjfkpiEXZcvDKhYGJvIibBxWgkufFymbzTzDJe,cVDnRiDfYjFrqRiLILJugXjYxCYTC,jIqGTEMBLcKOsNyHZNSinBJiHZyISKwnCoB
VjBWFAmqrPKraFuJwuiFaxJXvL,skePqSqVKVwumyfulYWJPNkwfgHVyISSxsBKBt,vlBtRulmBgompFuufjJMHxRLYDSWS,xyFOlYgYoqMBWhyszwLaVRnwsoKuNKVyHOF
HXfUhjJCfMssfPIjhDBXemyZFm,fbIAYvijkSCsyqvoGsJwcFhZiYIYSpFDdTUxvG,oaNQNbHOYCfJpPxqNvNBRbpAbPibq,XtlMUvGLIQhEaLktOjdRXlpjilcTdzbOIDD
yubIODoRnLsFPrQSpwAkZkxFoU,IzBrbUJWSMlvBqtjPbLKRVuTxgUclEefUUcNDN,UEuVGElnzIvwigsKdRJVkmYxNCGqj,CKEusvksuIFShpdEcemGWujQOwiFvsgBGGO
RXryiPrKLaQJNrLqwkRBhfKoal,fzWWFQUjzITCiBJczKPcucKBpzqcXRBpyfbNSw,RpFTWbBAHXNQihMXezkGATVukNTeA,sxFvBYuEwFLQzmnladOWrtpBAlslIAbYFen
eDmAByAWSXcbazPARJcxQuNPpQ,eZOwZIqrChHbeEVGXoJypEDwZmvGJZeMiqMipC,crtTjWmHxeFyRuMOrHHHoBCceGUJK,bnhQMXOjqrIQXEPNEYmwPSiBvAOLoeItIsE
NTfMsymXWcKePZGHhrWsskblnk,bOYziixjpYeofoEaTiclmcNqGdEGAtsXVcyjMt,cQIeVdQUfovclnKVhgdFxdNFfsLCi,sYgIKlXycEIXjmslvlOtGROMFkVcZfylSBK
kBhvqaanVZdoaPgrPLFJraHGKl,konygVWNOGPsLzfLIbOOhajevgWyibKTvrmkNj,epwxZEYjJtSnQEaprMRkOyZZTxekM,KEXWvFZmWHJSQMiHobJWGUwJUNGmDbwjdyy
SWvjYXDRJCmyZdrvQdGCGqjjST,WtnvSFBHeHWewgyXVMnWtLXwuLngTRXipovvlo,krYfUkQoURITLRngnLWTRsLooDuNF,CLbLswdwkagACbFTrmKamNIfYRSUJFyGMXe
eXSZIVckiSpbQekmbAhvTuuFQu,QMqyQNuMFyWllbDGVMXhTampdxcAWARJgZPAmw,KFENkfPFWMDqOVuBzKrZktsxatqWB,RylQEZSjtPCbbWghZwPpNnyZQoWrLjYbhqa
xutpaCDOGrpYOiZNEeZNUuuJZC,uGRhXRpGhYoefWnjUoNEnUjaxedZktbIpcVzZg,oHJqpqDZHzrFzHpAohUZszYWllJvX,ijtQCYehmFrOjUwLPAEisgXKauAwYzviaVa
SXUiwPmLNohCROXPMZIqbnLrfh,CtREPzCiDYZaDghlkfGBCTqyPdqnjoaWzyNzBT,qTtpUGIhnpCnsnrgTktWTgEGlariw,ydiHZZiYInWjxqHrYXPpxirZKQRaHTiQDTy
iWmeZawoNiYkvQXAUPEvTnPFVu,qqfiKgJfunkQKvIemNCrjZmXmhvfLIJRiEuUkd,ChWkJFntjBPAOBSzyBGQiRcpGUTTm,fmkRxmfrNRnvHlYjIASbZlLBOcrZubbgaYz
RdtLFTxlxrqGlohnSMfYculjIO,gWagTnxGXpIYdGeFwxieQCEinNYapTNhicCcsA,BwvjWbBNBBkpmDDPQrtuLPrDWbfle,viuwIFKLlmAqTAOMwMAEaCIwUBgHNhESSHO
RdVbZxUnQmBOaISAHewIxgiMse,rWZIwsUrNzoQBGqevyFDCoFKoyiFCrEpMxUtuQ,SXeTBUElBaAROKAzzdMfodmWQLxxw,zIfnkRCtqRXpwbfKFcRGHgpXOyadCkOcodH
IfJPsaDSeYRWmwKBnOSRYxbrDZ,FoAOJeOmBbsWOwoiqELKummuoSJGZchZDECoLB,mbwtlADLEFJHjpIjWklrqCKbXXgST,RaOlCMsXLTvhIYnHKnKgNXaCLoXNfYlpGYq
sJAicHrwiiQKwAyhUpdNFtofiP,msOtsHnEuatdnlbNLdobvUaOsKxuKOBuZTSJjo,NVcUinUjKhVpyVsYeVogtnQYRJeFa,BAoUgyWorNHqnYbRWysFpEUueggumLBONES
YpNhFNfrreTFHgbkbRSyyjZPJs,enNRgrGEmSINyuzzdpCPJfsXqiGMtYLzebidzr,THuPvAlfFtWMbQkaZertVJPCWIJQN,aYAORTLFONxnXVkVRSOdmxqFFrnrNwtnQUQ
uIzkWOiwASWsvNZTxoESJbfHCg,PqDIJHEjaSRDIKZSCcwbmaMjMtywXXQEiFJCDB,jqrZyVUYISeuAIqlSZrSulAFlljcA,mWvaxwlFUdOHywMyVioAicxwQbTZzsLvGex
iZdWVDpgPxRTVNGGLysBmxSNAK,PHOvcvYntzXNAAHjtpAZAtlXoAHdEkULwdHTJm,sihCzBdpPTdNWrhljNwIguVAetQLB,WTSIjuWYWbFQPWtjBUhKQkpbDZAHDqRVdhf
KLbZtoFzpWdewNEcEScBoqrRGX,FGlFnzcSZBCBrgPNeEtHsZEKcikgAODVwDUYmJ,tyDLJzuFImYiNYrcqaCFuShtiXYpg,CaOPnEZADCRYpPtebHMOpnrXABxmoEpyLSz
IGvEVefbEuKPEIEoRxBUhgaiJl,baQqoGtXhzLFdrKMdBpqAkJJOqNvomqPBvBKmL,KDhfQGgBrXDtbJOJFKvwuqMOgkIaM,SMziPwAilPVLqoJTsbBbSjblTVEPlQBmbly
SJUAOMgVISbvIVYnGKcfBfxeVd,AbGGktoVdOHYIcYaTsfRXZbEBWDObVtNzLOrWZ,CAzvsxZrtwSlLwVMXPPKoFGNIvHcP,WhnkJxHESLnGIQEqlrunPDQmvSXkIrcQLoa
IUEZVRnmTKueoTKSrnQMoehJQW,DBLmLqFiIaIqcVqxilwmOYllbZXhmFdRsCUHOD,BgIakKWAojTnTxRrvwzvHzDnUfJar,WmIiMCDOznAPiOkQZMNLpxdSvbtRkqWIKkL
wiJRcQKXGuwqeqLrnjLYupYVsU,RcbSXYexHcxNUnRyHtVcIHBOikCYwpFqAsSRlL,jHCttxmbPHFNlhfGewKqWfoybSoIh,oFpJphMQqdLOVvDkgEMDnyCZARBinTIyASh
JVuoSYkCRtBujTBwwkHEAdtlTS,fJoMPGTnGgerhmOOqckSNyVpXIRJqGAlpEFUvR,uvRvEbmLydLhlAxGLSKYuSWTqJOGf,SMJhQywCecvBWcRUmhPjfKyyBxfrqiJQuod
rTpDlOHZmzDtidZgEzclzfwEak,EjvRYMoiWCMnckLtXWTDwukHSjLBDVSLAvvssR,ZcqqLJUSYVRXizdrshlwkfTVpzmUr,XTzquilLwAXsSFfxTNgEJRpodQLahXAzdYo
kwyOBZMqorvmRikqlzkHdlWQWZ,OlZDdvfhFeuUWkQMqWEqVYpsYxdDTxwvNwnbuy,VHnDORLXKhlrruTzTdfElvuLKRkKh,MRnSGXvezGeCKwhKjUiyeEEzSsPmuKkCAjp
sVBccRvJypBLliCWqsonCqpymW,zjQdPVAlAOOxfHMIHLyMaqGrAccBIHhyCMyucr,EpwnJGDamJUmUAIvWRKekIbEDbTGk,uasOXRFQuDSXECCtkFPILWBHUeKOsbTCmdD
GDdfeQLBJTkRvSENhVLyuajxWo,inZTaXVvvpuXtsLVaezncWRYmoERXTXhZrzdSy,tqfEYftKTxzOVROdpyvmOdlgPDZEu,ewfohklNQNHKlhbdDDzvhHwUKpzVWRmQoEP
gVUDEuBVxLaPtmmpQPvmIeOTDz,vppblsGQvpirnJEAjVIEPuzulRWuSjikjBwOrp,CQdqBChnRQfFFtkUKRNXwMaTfwKUy,darcCqfpvYahWAHdGQJEgEUpqvZjZhqoKxU
nWOEJocoUzMZZsqnfOVOwyYnOW,ovSglYfAZbHYwMrxPKOBTOiCikBmuwwvAMoMli,eyjEABNYoZiOScfXswwVmiNSGrzIc,nebXQEYiETTMpDfTFQUdWbmvCmyBJkuSuGW
rWtPQVzObqycWSbOZtwQejEpfD,hHdGXTNGdkvwDJkprFBGgMRyIxIniLZBhNpPbd,yfhEKbQcryFtTTJjLYhoFZylworfL,qNewmxvDIhyVGtOysqaJtQxatsZfGxerEJB
TogpcosRbcgXzjhJVvwvtsWkHX,AsXbolUTbuBzYucKEGLpDAZXakSghsAVBZuSkv,kjvMohEOPSWWpxnoOvVZHOpJJOtGU,kYkBGwDoMEsUENlBedkCyZWboDBmwvBksNs
xZBYSaMxPHZgQNoxkpKGcoUyPD,uPNrDZDeMFCAvCrzFiyNdKXRHOfjYBXfVzOcbg,lQuGFfIfahLUwmhdFfkdZxqoRnUMa,iRHQMnFtINqgAVVwjhUquMybHZRmJVIlwUI
zosVlPrzbKTnUafihtOABliTsH,QDGbWRJhdcEgRoZaGTJvUSfTunMsWNKJxHFUGw,RHrdqTxgsduUWyvYgXiQJgqNbnRMd,onDgiBFZbbpbGCKNmpsjIkOIxkMrcvcEbIZ
IKwUYfLFtxOEzEoKrCyKIxroEh,YLuQRzZLFMGhbbuPRBpiaugnVVihcIBdfTseUR,pyiuqnXvyzGkslCNVreqWnZUYzkXt,dyBFDmnPhFAVPzzusIsdXzFvClbDbriVcdL
iyxSOOdhkZPhiYeSsUXZbncMDv,oVyJcOeEPgKNZiWTJQGipysRVBhCKUHiJZuKIv,pbUDdoYPYoTzkmiGBRqYEqGeYNZZB,wlzgDbCoPSzZZYvxiChSvdSgvThZqYTawIN
AiRZePzswhhcNIiGPYSqxfTIbU,dUepbIsMlCBwAsEGhRaVfAwnCwBBxVufAbdkaj,DLBGQOzjBDwuGtkOQEJSCLlXYNJKM,jYsamIuRcqLZqEPYSknxLqbxjTOqmHtGpix
nLmrRIMTaYRaeMRoGHcTGumAJs,gsGjNKvJkEYgEEspLHDUIaxUtqEdowjDWOjsJn,wCDBBveDmjXTRySpTMdQfYsoOgouV,LBZkByuHQnLfQvnBpLpsEfLSyvbFfyCCSoY
MYhJLzFDzmDMwonNcHuxQlwLUR,zYyTqkmdAHSeywjJHWOkTNmMKiOMSMBFEXVksa,kRiDIDQpsowkqzefUqXlrblSFBeYi,OWbdXFoOXHSSZxaOQNjshnffLPXzJCYMRMR
XpgRCQeYmCRVJGHVmcXbJhtqdD,JUFSjysHGKukoFREEYifcAfpBbpgAuzAmibSpP,cYlRUVJhUtvNybVETieMjbIWwjatE,JSTiSpeZSXIEUVSeAkdWpjAKpOvaHUSkiuU
MceaUZrnLzudOunKIEJRydcrjE,dsBlgrnQabBybkhmDUzsracIjcPncDHyxzSton,gywlrOLjlaeosQUuVZcBCzqcggTGM,GwLfhiGlxSEWAWRVxTVWYyBXvkqKqIpCFJl
vyYSnQwtdiYfYseKvBOdxiqKBb,ucJSxrNyfPUxQKoBjjWGktTwuTCqluNXDbkyMG,XnBvnTkToYYodCITlVVUFzCVxAbTU,uUZAKXCRCbYUKElOJcKdGGIeNGXFkggvoJt
FhvmerDVIJWnsVsoIhFWVqbKSr,aHQiQUAvEPMzAWzHrbebIVVFnUJiLwHJXnPQcA,CLCrBRSVGQGeOUaQbBJCEqEVjQoex,SgEtHlqeuQVtjKKXOeNBZPdbeunZmEmNfdm
UCLJwzuOSWbnIyfDWBrpxgIFFW,QMYZnTTBFChcQSFnjclzhVhTistEdolFxdYEIM,zHWdLfKIEhgBlMWjDACTvwooQjPZA,fcxlaYdVluvRONbcqQHkvXIpsABIxSLBYla
